GROUP,PACKAGE,CLASS,INSTRUCTION_MISSED,INSTRUCTION_COVERED,BRANCH_MISSED,BRANCH_COVERED,LINE_MISSED,LINE_COVERED,COMPLEXITY_MISSED,COMPLEXITY_COVERED,METHOD_MISSED,METHOD_COVERED
Food-Delivery,com.ps.fooddelivery.serviceimpl,AuthService,0,18,0,0,0,4,0,2,0,2
Food-Delivery,com.ps.fooddelivery.serviceimpl,CartServiceImpl,0,99,0,4,0,28,0,9,0,7
Food-Delivery,com.ps.fooddelivery.serviceimpl,OrderServiceImpl,0,60,0,4,0,13,0,6,0,4
Food-Delivery,com.ps.fooddelivery.serviceimpl,FoodServiceImpl,0,64,0,2,0,17,0,6,0,5
Food-Delivery,com.ps.fooddelivery.exception.global,GlobalExceptionHandler,0,39,0,0,0,5,0,3,0,3
Food-Delivery,com.ps.fooddelivery.exception.custom,ResourceNotFoundException,0,4,0,0,0,2,0,1,0,1
Food-Delivery,com.ps.fooddelivery.dto,AuthResponse,127,15,25,1,2,2,20,4,7,4
Food-Delivery,com.ps.fooddelivery.dto,CartDTO.CartItemDTO,11,15,0,0,2,3,3,3,3,3
Food-Delivery,com.ps.fooddelivery.dto,OrderRequestDTO,17,0,0,0,4,0,5,0,5,0
Food-Delivery,com.ps.fooddelivery.dto,CartDTO,15,31,0,0,1,6,1,9,1,9
Food-Delivery,com.ps.fooddelivery.dto,ErrorDetails,147,21,30,0,2,4,23,4,8,4
Food-Delivery,com.ps.fooddelivery.dto,LoginRequest,92,23,22,0,0,3,14,6,3,6
Food-Delivery,com.ps.fooddelivery.dto,OrderDTO,12,34,0,0,1,6,1,8,1,8
Food-Delivery,com.ps.fooddelivery.dto,OrderResponseDTO,19,27,0,0,2,5,5,5,5,5
Food-Delivery,com.ps.fooddelivery.dto,FoodDTO,12,32,0,0,1,6,1,8,1,8
Food-Delivery,com.ps.fooddelivery.controller,CartController,0,148,0,2,0,38,0,10,0,9
Food-Delivery,com.ps.fooddelivery.controller,OrderController,0,121,0,2,0,33,0,5,0,4
Food-Delivery,com.ps.fooddelivery.controller,FoodController,0,84,0,0,0,22,0,6,0,6
Food-Delivery,com.ps.fooddelivery.util,HashingFunctionUtil,21,0,0,0,5,0,4,0,4,0
Food-Delivery,com.ps.fooddelivery.util,JwtUtil,74,3,4,0,24,1,7,1,5,1
Food-Delivery,com.ps.fooddelivery,FoodDeliveryApplication,5,3,0,0,2,1,1,1,1,1
Food-Delivery,com.ps.fooddelivery.modal,Cart.CartItem,11,21,0,0,2,4,3,4,3,4
Food-Delivery,com.ps.fooddelivery.modal,Order,27,31,0,0,2,6,2,9,2,9
Food-Delivery,com.ps.fooddelivery.modal,OrderStatus,0,27,0,0,0,5,0,1,0,1
Food-Delivery,com.ps.fooddelivery.modal,Cart,18,51,0,0,1,8,1,12,1,12
Food-Delivery,com.ps.fooddelivery.modal,Food,0,56,0,0,0,8,0,11,0,11
Food-Delivery,com.ps.fooddelivery.modal,OrderItem,32,0,0,0,6,0,7,0,7,0
Food-Delivery,com.ps.fooddelivery.config,SecurityConfig,0,32,0,0,0,7,0,4,0,4
Food-Delivery,com.ps.fooddelivery.config,RestTemplateConfig,0,7,0,0,0,2,0,2,0,2
